{"0":430.6000061035,"1":537.4499511719,"2":1034.4001464844,"3":898.5,"4":1120.8999023438,"5":418.950012207,"6":1351.0999755859,"7":658.7000732422,"8":1094.6999511719,"9":1001.9000244141,"10":869.7999267578,"11":548.9499511719,"12":1089.6999511719,"13":736.4499511719,"14":692.6999511719,"15":1052.8000488281,"16":1068.0,"17":1039.3000488281,"18":1016.0,"19":712.9500732422,"20":1152.3000488281,"21":796.0,"22":1015.3000488281,"23":772.3499755859,"24":470.3499755859,"25":701.049987793,"26":618.5,"27":1159.5999755859,"28":732.3499755859,"29":1127.4499511719}