{"0":452.2625732422,"1":482.3955078125,"2":1099.0319824219,"3":903.5113525391,"4":1104.9428710938,"5":524.2896728516,"6":1285.3090820312,"7":662.3366699219,"8":967.8727416992,"9":834.1496582031,"10":738.7727050781,"11":572.8570556641,"12":1059.4291992188,"13":698.1357421875,"14":774.8485107422,"15":1131.5610351562,"16":1022.8186035156,"17":1080.5716552734,"18":883.8372192383,"19":678.2684326172,"20":1108.2916259766,"21":695.3715209961,"22":989.3214111328,"23":769.6951904297,"24":526.0223388672,"25":660.4353027344,"26":615.0324707031,"27":1159.9174804688,"28":757.9469604492,"29":997.2137451172}